Station_Name	latitude	longitude
River Street , Clerkenwell	51.52925814095734	-0.10959793985820779
Phillimore Gardens, Kensington	51.500996102202365	-0.19896096269803418
Christopher Street, Liverpool Street	51.52	-0.08
St. Chad's Street, King's Cross	51.52928412859432	-0.12295909286927778
Sedding Street, Sloane Square	51.49325984866738	-0.15685155332186082
Broadcasting House, Marylebone	51.52127998951883	-0.10129999374100862
Charlbert Street, St. John's Wood	51.53470445829235	-0.16864237336123022
Lodge Road, St. John's Wood	51.52880002350025	-0.16909995124167665
New Globe Walk, Bankside	51.507799515795725	-0.09642183490411017
Park Street, Bankside	51.51029973626338	-0.15437635484329335
Brunswick Square, Bloomsbury	51.518314021177424	-0.12259465226724343
Malet Street, Bloomsbury	51.520394659146284	-0.12914087817874087
Scala Street, Fitzrovia	51.52005759241253	-0.13557717400618952
Belgrove Street , King's Cross	51.52968974831578	-0.12338571364806662
Great Russell Street, Bloomsbury	51.51928837016755	-0.123583138952126
Cartwright Gardens , Bloomsbury	51.526231487146404	-0.12604450106585469
Hatton Wall, Holborn	51.518202182157175	-0.11988240318213966
Drury Lane, Covent Garden	51.5148576685314	-0.1224469939404496
Taviton Street, Bloomsbury	51.525587358581056	-0.13161458629849082
Drummond Street , Euston	51.526932519270986	-0.13718122258950421
Hampstead Road (Cartmel), Euston	51.53164031343497	-0.13902860264854483
Northington Street , Holborn	51.522043724120195	-0.115480676747294
Red Lion Square, Holborn	51.518796350046976	-0.11942471774862647
British Museum, Bloomsbury	51.51863000000003	-0.12521999999995614
Doric Way , Somers Town	51.529116475100345	-0.13164129854057643
Bouverie Street, Temple	51.5133751618129	-0.10794444259916824
Bolsover Street, Fitzrovia	51.52227896258347	-0.142968384782124
Hereford Road, Bayswater	51.51384000000007	-0.1938099999999281
Windsor Terrace, Hoxton	51.52958582086907	-0.09354507168426464
Fanshaw Street, Hoxton	51.52942758776765	-0.08130971442066359
Leonard Circus , Shoreditch	51.52468187101659	-0.08150495934435452
Central House, Aldgate	51.51554002031477	-0.07014001722919261
Pancras Road, King's Cross	51.53192079816583	-0.1255350018702336
De Vere Gardens, Kensington	51.50074511944999	-0.18491591694057366
Penywern Road, Earl's Court	51.490807800055656	-0.1936859228501949
Abingdon Villas, Kensington	51.49786826360031	-0.19516799625089926
Shoreditch High Street, Shoreditch	51.52432328677647	-0.07720201781383439
Commercial Street, Shoreditch	51.522584118735	-0.07717925090483815
Pindar Street, Liverpool Street	51.51745841239395	-0.0826224650585819
Wenlock Road , Hoxton	51.531250843829305	-0.09409326698916076
Crawford Street, Marylebone	51.519476383724104	-0.16131024102911157
Bruton Street, Mayfair	51.510503778369326	-0.1446894115556588
Boston Place, Marylebone	51.52372645335119	-0.16280073780158955
Nesham Street, Wapping	51.507454280927796	-0.06828286554332785
Warwick Avenue Station, Maida Vale	51.52318000000008	-0.1836999999999307
Godliman Street, St. Paul's	51.51292523695197	-0.09912743604934454
Curzon Street, Mayfair	51.50672465935425	-0.14771224832034469
East Road, Hoxton	51.52777238370481	-0.08795367026805308
Finsbury Library , Finsbury	51.526419982093586	-0.1043400262037153
Roscoe Street, St. Luke's	51.48981635599066	-0.1682992319815693
Grafton Street, Mayfair	51.509941744539674	-0.14351795712946241
Golden Lane, Barbican	51.52420504322471	-0.095624942377043
Finsbury Circus, Liverpool Street	51.51745841239395	-0.0826224650585819
Paddington Street, Marylebone	51.520424615761016	-0.15599972155317546
Guilford Street , Bloomsbury	51.52258006356917	-0.12385287201602847
New Inn Yard, Shoreditch	51.524600040411855	-0.0777149107669004
Lisson Grove, St. John's Wood	51.52351616624366	-0.16668140600557654
Great Dover Street, The Borough	51.50117935063403	-0.0930288830511397
Cotton Garden Estate, Kennington	51.49061001906665	-0.10752003644944352
Murray Grove , Hoxton	51.53084599311836	-0.08940834628480028
William IV Street, Strand	51.50950324220037	-0.12558798393329754
Gower Place , Euston	51.525419631340434	-0.134550356248532
Holborn Circus, Holborn	51.51813503658313	-0.1111699361871814
Hatton Garden, Holborn	51.518202182157175	-0.11988240318213966
Theobald's Road , Holborn	51.52081193927092	-0.11631238890567971
Euston Road, Euston	51.52893000000006	-0.13447999999993954
Calshot Street , King's Cross	51.532815554169765	-0.11727060558870403
Newgate Street , St. Paul's	51.51568034924016	-0.09978113782047328
Farringdon Lane, Clerkenwell	51.52241869530207	-0.10630530891193336
Old Street Station, St. Luke's	51.52670769866698	-0.08200805323606386
Vauxhall Cross, Vauxhall	51.476230000000044	-0.13055999999994583
Torrens Street, Angel	51.532228964087004	-0.10539618874097229
Longford Street, The Regent's Park	51.53354000000007	-0.1460599999999772
Russell Square Station, Bloomsbury	51.52081548838533	-0.1266861650542978
Sadlers Sports Centre, Finsbury	51.49308000000008	-0.2551399999999262
Arundel Street, Temple	51.51260873801895	-0.11440571459763929
Webber Street , Southwark	51.50075371230616	-0.10170222479245203
Great Titchfield Street, Fitzrovia	51.52199029496691	-0.14210840894679877
Chancery Lane, Holborn	51.51813376355803	-0.11375118283907389
Panton Street, West End	51.509530822227006	-0.13170835863683303
Breams Buildings, Holborn	51.51605771697692	-0.11042036619991545
Tanner Street, Bermondsey	51.50002665536948	-0.07624902942293302
Sancroft Street, Vauxhall	51.487387451548905	-0.11673654674057693
Devonshire Square, Liverpool Street	51.51641084778983	-0.07938882723502909
Bayley Street , Bloomsbury	51.51864730366491	-0.13198753445801772
Tavistock Place, Bloomsbury	51.52492304173955	-0.1296301370376376
Harrington Square 1, Camden Town	51.53230998736447	-0.13869996189077938
Walnut Tree Walk, Vauxhall	51.4940170148342	-0.11245817314790615
Borough Road, Elephant & Castle	51.49916219660032	-0.09703688491255363
Cloudesley Road, Angel	51.53646320406805	-0.10971703549212032
Bricklayers Arms, Borough	51.49396048813218	-0.08556448949797306
Aldersgate Street, Barbican	51.51994000000008	-0.09465999999997621
Falkirk Street, Hoxton	51.530773040396845	-0.07870951703554718
Gloucester Road (North), Kensington	51.49951617329236	-0.18366939791961162
Hampstead Road, Euston	51.53164031343497	-0.13902860264854483
Old Quebec Street, Marylebone	51.513650047832016	-0.1577549195651784
Albert Embankment, Vauxhall	51.476955784946014	-0.12015142065814932
Queen Street 1, Bank	51.60734000690624	-0.0751600228599898
Jewry Street, Aldgate	51.51286940895352	-0.07663363746649174
Vicarage Gate, Kensington	51.504151096423485	-0.19228862973085245
Crosswall, Tower	51.51159175895442	-0.0763399346833783
Westbourne Grove, Bayswater	51.51541720333181	-0.19171194718990342
Woodstock Street, Mayfair	51.5140782675664	-0.1473381391955467
Finsbury Leisure Centre, St. Luke's	51.52616000000006	-0.09544999999997117
Abbey Orchard Street, Westminster	51.49823365668542	-0.13239063720736485
Soho Square , Soho	51.51512000000008	-0.13270999999997457
Wellington Road, St. John's Wood	51.534014479312425	-0.1738227748700545
Park Lane , Hyde Park	51.50443000000007	-0.15214999999994916
Stonecutter Street, Holborn	51.515723736871095	-0.1056842992784065
Gloucester Road (Central), South Kensington	51.49143433214236	-0.18021645884953966
Park Road (Baker Street), The Regent's Park	51.52692308283454	-0.16366798129595733
Braham Street, Aldgate	51.51424868440595	-0.07243307153892423
Little Argyll Street, West End	51.51455840843923	-0.14123335430954262
Lollard Street, Vauxhall	51.487387451548905	-0.11673654674057693
Rochester Row, Westminster	51.495180042225485	-0.13596490497512548
Bath Street, St. Luke's	51.48981635599066	-0.1682992319815693
The Guildhall, Guildhall	51.515870000000064	-0.0919299999999339
Baker Street, Marylebone	51.522570009705774	-0.15773990072137778
Norton Folgate, Liverpool Street	51.51745841239395	-0.0826224650585819
St. John Street, Finsbury	51.521131550303494	-0.10152990934508921
Eaton Square, Belgravia	51.498110000000054	-0.1475099999999543
Borough High Street, The Borough	51.50153540084823	-0.09292691594352488
Museum of London, Barbican	51.51715000000007	-0.08703999999994494
Wood Street, Guildhall	51.48886002436693	-0.2549299272964447
Emperor's Gate, South Kensington	51.49577697493531	-0.18605534049935432
Golden Square, Soho	51.51126954235372	-0.13731028438934922
Tower Gardens , Tower	51.509060000000034	-0.07564999999993915
Eversholt Street , Camden Town	51.530844431008774	-0.13462032866265622
Bethnal Green Road, Shoreditch	51.523630023712116	-0.0764898956178115
Derry Street, Kensington	51.50142584603384	-0.19140762226450544
Wapping High Street, Wapping	51.50458000000003	-0.05598999999995158
Clerkenwell Green, Clerkenwell	51.52238667363224	-0.1055221120396032
Queen Victoria Street, St. Paul's	51.51316513056222	-0.09049214276165325
Green Street, Mayfair	51.51280142136419	-0.1544305667620629
Lambeth Road, Vauxhall	51.4801650065168	-0.12428527430017115
Finsbury Square , Moorgate	51.52038346504577	-0.08589142930176502
Chapel Place, Marylebone	51.515113028587	-0.14665262172650337
West Cromwell Road, Earl's Court	51.492872080771846	-0.2003782569792388
Pont Street, Knightsbridge	51.49697948575796	-0.16092024893501483
Kennington Cross, Kennington	51.487010000000055	-0.11311999999992395
Ilchester Place, Kensington	51.50065098882409	-0.20288127069748885
Vauxhall Bridge , Pimlico	51.49104565643975	-0.1344587235246926
Tachbrook Street, Victoria	51.49301476548276	-0.13935558626244982
Kennington Road Post Office, Oval	51.48485000000005	-0.11046999999996387
Holy Trinity Brompton, Knightsbridge	51.50183604504043	-0.16645394866537083
Chepstow Villas, Notting Hill	51.51327666884563	-0.19925107659419952
Hampton Street, Walworth	51.491993969282014	-0.09983811449319041
Bayswater Road, Hyde Park	51.5124345512238	-0.16791551457735152
Waterloo Station 3, Waterloo	51.50282000000004	-0.1110999999999649
Lexham Gardens, Kensington	51.49602098461006	-0.18952357465388883
New Kent Road, The Borough	51.49452947219072	-0.09638258851173342
Wright's Lane, Kensington	51.49893558165067	-0.19230231140482348
Trebovir Road, Earl's Court	51.491630776292716	-0.19509308878097883
Great Marlborough Street, Soho	51.51409878225321	-0.1398982998633272
Waterloo Place, St. James's	51.507520000000056	-0.1328699999999685
Guildhouse Street, Victoria	51.49265038663994	-0.14176413334035662
Southampton Place, Holborn	51.517755414676934	-0.1126982710431419
Sloane Avenue, Knightsbridge	51.49230778679604	-0.1657971187894428
Cleveland Gardens, Bayswater	51.51421537992084	-0.18257120591777926
Orsett Terrace, Bayswater	51.51048000000003	-0.18425999999993792
Seville Street, Knightsbridge	51.50165910305169	-0.15921044631994236
Eccleston Place, Victoria	51.49182503879621	-0.14586489654419665
Argyll Road, Kensington	51.501302419861425	-0.1963912598637215
Porchester Place, Paddington	51.51702907569764	-0.1880299238616569
Hardwick Street, Clerkenwell	51.52776675254798	-0.10827425820485029
Collingham Gardens, Earl's Court	51.49201799958926	-0.18815801790331316
Sumner Place, South Kensington	51.49207884482771	-0.17460451315506473
Waterloo Road, South Bank	51.49871003883831	-0.10554995392706701
Strand, Strand	51.50786000000005	-0.12682999999992717
Appold Street, Liverpool Street	51.51745841239395	-0.0826224650585819
Gloucester Terrace, Bayswater	51.51356585435679	-0.1781363842204813
Ashley Place, Victoria	51.49618977197881	-0.14090716555592625
Warwick Square, Pimlico	51.49062084213139	-0.14083392108333845
North Audley Street, Mayfair	51.51285967560815	-0.15334064096677807
Belgrave Square, Belgravia	51.4981327400548	-0.15361889690354413
Bell Street , Marylebone	51.520659985245224	-0.16990502145131178
Riverlight North, Nine Elms	51.48194974870827	-0.13683345930441565
Portland Place, Marylebone	51.522270688005364	-0.14584321717483284
Alderney Street, Pimlico	51.48945409336393	-0.14358342868465193
South Wharf Road, Paddington	51.51778545213713	-0.17368687287326462
Queen's Gate (South), South Kensington	51.4979405268669	-0.17963061771252387
Nutford Place, Marylebone	51.51672865401815	-0.16350685359476838
Claremont Square, Angel	51.53089503828943	-0.10952490386996772
Rampayne Street, Pimlico	51.490353086073505	-0.13238116172747758
Hyde Park Corner, Hyde Park	51.503286238041596	-0.15091268154926044
Wardour Street, Soho	51.512535045162096	-0.1332549099499687
Bankside Mix, Bankside	51.50816355244705	-0.09521630696980721
Hop Exchange, The Borough	51.491209995695954	-0.13424003503016024
Milroy Walk, South Bank	51.50757563249022	-0.10638913006144879
Union Street, The Borough	51.50370918866094	-0.09882371573659647
Stamford Street, South Bank	51.50660134324556	-0.10906666317261031
Great Tower Street, Monument	51.51039456295047	-0.08247728629097169
LMU Commercial Road, Whitechapel	51.513314901988025	-0.04732192565174095
Dorset Square, Marylebone	51.52266976108265	-0.16164476143109655
Leman Street, Aldgate	51.51506701164195	-0.07165209965504762
West Smithfield Rotunda, Farringdon	51.517740039395974	-0.10493488987205524
Margery Street, Clerkenwell	51.52715011725419	-0.11128998408993528
New Road 1 , Whitechapel	51.51767220654375	-0.06256067302420797
Grosvenor Crescent, Belgravia	51.50163344862276	-0.15300067181278154
Mallory Street, Marylebone	51.519359743920745	-0.15096016662074918
Denyer Street, Knightsbridge	51.49372701950075	-0.1648343867903116
Hinde Street, Marylebone	51.51698005223507	-0.15100493102846713
Cadogan Place, Knightsbridge	51.49697971918372	-0.15757444254931036
Campden Hill Road, Notting Hill	51.5083274262606	-0.19972526142353458
Wellington Arch, Hyde Park	51.502590000000055	-0.15070999999994683
Endsleigh Gardens, Euston	51.52637098404145	-0.13173748706211405
Moorfields, Moorgate	51.51893004481308	-0.08842492138505229
Old Brompton Road, South Kensington	51.49057499354798	-0.18618072597887286
Wormwood Street, Liverpool Street	51.51745841239395	-0.0826224650585819
St. Luke's Church, Chelsea	51.5582000098928	-0.19438999714068927
Bramham Gardens, Earl's Court	51.49348505376534	-0.19058490646564508
Chelsea Green, Chelsea	51.474690039863205	-0.18130991150687237
Horseferry Road, Westminster	51.49488005391083	-0.13049455486943143
Knightsbridge, Hyde Park	51.50183604504043	-0.16645394866537083
Rodney Road , Walworth	51.49170269154032	-0.09130239052610192
Whiteley's, Bayswater	51.515360000000044	-0.18892999999997073
Notting Hill Gate Station, Notting Hill	51.50867836294082	-0.19963534964719123
Charles II Street, West End	51.507962998117264	-0.13317100018089886
Great Percy Street, Clerkenwell	51.52966621288634	-0.11219492631360564
St. James's Square, St. James's	51.50714728374884	-0.13620886370121785
Whitehall Place, Strand	51.50597501506327	-0.12554057778523522
Poured Lines, Bankside	51.50816355244705	-0.09521630696980721
Queen's Gate (Central), South Kensington	51.4979405268669	-0.17963061771252387
Carey Street, Holborn	51.515200050321965	-0.11189488699281469
Pall Mall East, West End	51.50803436492375	-0.13014615167670754
Liverpool Road (N1 Centre), Angel	51.53591171267825	-0.10711199817361412
Kennington Road  , Vauxhall	51.48401489070832	-0.12040452356433749
Fashion Street, Whitechapel	51.51843936811136	-0.07291899452791445
Dock Street, Wapping	51.509930881565545	-0.06815442675367628
Frampton Street, Paddington	51.520424615761016	-0.15599972155317546
Warren Street Station, Euston	51.50105504388971	0.06776504687394436
Colombo Street, Southwark	51.5048359050398	-0.09482736802582262
Beaumont Street, Marylebone	51.52120511850418	-0.15072302533635448
Gloucester Street, Pimlico	51.49009068551937	-0.14035623050517354
Earnshaw Street , Covent Garden	51.51631653203364	-0.1287980485555382
Grosvenor Road, Pimlico	51.48850505076746	-0.129694906123774
Berry Street, Clerkenwell	51.52365757169008	-0.10047306101835779
St. John's Wood Church, The Regent's Park	51.53004000000004	-0.14451999999994314
Triangle Car Park, Hyde Park	51.50443000000007	-0.15214999999994916
Harper Road, The Borough	51.51148665671258	0.05468045299975302
Royal Avenue 1, Chelsea	51.490029991366924	-0.16208002351322648
Brushfield Street, Liverpool Street	51.51904737236314	-0.07617473882377235
Jubilee Gardens, South Bank	51.417439418587485	-0.17694912260478482
Shoreditch Park, Hoxton	51.53356000000008	-0.08696999999995114
Chadwell Street, Angel	51.53040466702737	-0.10670746028111203
Clifton Road, Maida Vale	51.52563122742536	-0.17931341453652233
Houghton Street, Strand	51.513819498421455	-0.11663491943652977
Westminster University, Marylebone	51.52227001801239	-0.15482003807781552
Kensington Gore, Knightsbridge	51.50078540977876	-0.17812994317063158
Broadwick Street, Soho	51.51324698492824	-0.13699064475808878
Princes Square, Bayswater	51.51290033399751	-0.19270513824207675
LSBU (Borough Road), Elephant & Castle	51.49887000000007	-0.10219999999992524
St. Mary Axe, Aldgate	51.51478418071334	-0.08075481136874318
Tysoe Street, Clerkenwell	51.526594935304445	-0.10882920005903177
Southwick Street, Paddington	51.51687824955848	-0.17058306831303366
Queen's Gate (North), Kensington	51.4979405268669	-0.17963061771252387
Regency Street, Westminster	51.49463498394132	-0.1323645527355893
Belgrave Road, Victoria	51.49320907301284	-0.14415104852255745
Empire Square, The Borough	51.55973434467649	-0.1223361760501797
Kennington Lane Rail Bridge, Vauxhall	51.48706631640073	-0.1258133582980796
London Zoo,  The Regent's Park	51.53574000000003	-0.15572999999994863
Baylis Road, Waterloo	51.500446148992026	-0.11096858059537194
Belvedere Road 1, South Bank	51.502366385448255	-0.11782311562934557
Warwick Road, Olympia	51.49339759964293	-0.20122370914669563
Barbican Centre, Barbican	51.519910009354305	-0.09312001061306319
Lower Thames Street, Monument	51.50916311978502	-0.08114765360949619
Kensington Church Street, Kensington	51.50863089994286	-0.19504784034115816
Tooley Street, Bermondsey	51.50379426125131	-0.08099581378862186
North Wharf Road, Paddington	51.51885286831958	-0.1752756192499314
Royal Avenue 2, Chelsea	51.48971001221318	-0.1625899785024103
Smith Square, Westminster	51.49569832462358	-0.1273057214374104
Royal London Hospital, Whitechapel	51.51846000000006	-0.059939999999926385
Kingsway, Covent Garden	51.511625042889094	-0.12248491874079548
Lambeth North Station, Waterloo	51.49884000000003	-0.11184999999994716
St. John's Wood Road, St. John's Wood	51.529857268374734	-0.16945399559088795
Bedford Way, Bloomsbury	51.52273415908602	-0.12721543764300167
Elizabeth Bridge, Victoria	51.49203289197314	-0.14634188796577616
South Audley Street, Mayfair	51.506575050999686	-0.15047490138117325
Winsland Street, Paddington	51.51707106160709	-0.17441014892623657
Claverton Street, Pimlico	51.486683972200694	-0.13786967740312703
Montpelier Street, Knightsbridge	51.49955174270552	-0.16589959921981867
Kensington Olympia Station, Olympia	51.49792000255451	-0.210389960655192
St. George's Square, Pimlico	51.48887325090203	-0.13584915252544078
Swan Street, The Borough	51.49944788852908	-0.094274053729025
Knaresborough Place, Earl's Court	51.4940161799746	-0.1909782985566466
Geraldine Street, Elephant & Castle	51.49622505600388	-0.10586993308081105
Curlew Street, Shad Thames	51.50255971307175	-0.07391733072618933
Vincent Square, Westminster	51.49286529051331	-0.13385605925643115
Marylebone Lane, Marylebone	51.51515704491593	-0.14873925011721797
Putney Pier, Wandsworth	51.45682000000005	-0.1945199999999545
Albert Gate, Hyde Park	51.50248491171045	-0.1584881405571614
Kennington Lane Tesco, Vauxhall	51.48690000000005	-0.11488999999994576
Rathbone Street, Fitzrovia	51.51838175102152	-0.13543946059566786
Black Lion Gate, Kensington Gardens	51.50466003758119	-0.19786991188203729
Long Lane , Bermondsey	51.49981398242096	-0.08707378717803328
Embankment (Savoy), Strand	51.46870475972963	-0.21899708193800918
Black Prince Road, Vauxhall	51.492192876755404	-0.12057312761840791
Foley Street, Fitzrovia	51.51958446389492	-0.13956759489861176
Grove End Road, St. John's Wood	51.53166806252695	-0.17698650998887258
Wells Street, Fitzrovia	51.51605076233914	-0.13694184508661433
Tyers Gate, Bermondsey	51.500988159098654	-0.0827371206828176
The Tennis Courts, The Regent's Park	51.53354000000007	-0.1460599999999772
Dickens Square, Borough	51.49952991228551	-0.09750461553865435
Sackville Street, Mayfair	51.50953014818027	-0.1383135276572177
Baldwin Street, St. Luke's	51.526906039402945	-0.08917064483250164
Queen Mother Sports Centre, Victoria	51.49391000000003	-0.1404399999999555
Bermondsey Street, Bermondsey	51.50355640527963	-0.08294448716750566
Palissy Street, Shoreditch	51.52496000000008	-0.08140999999994847
Clifton Street, Shoreditch	51.522393397184494	-0.08322902559020087
Ontario Street, Elephant & Castle	51.497122936058624	-0.10095842686472861
St. Martin's Street, West End	51.509324971673706	-0.12991561150909187
Graham Street, Angel	51.53135663141633	-0.09837899255138675
New North Road 1, Hoxton	51.53235001095214	-0.08651004176888932
New North Road 2, Hoxton	51.5398200049716	-0.09417998608861922
Prince Albert Road, The Regent's Park	51.53749897635871	-0.15124397627892489
Eastbourne Mews, Paddington	51.51656910499024	-0.1794266882258843
Bunhill Row, Moorgate	51.52491235281757	-0.09061801232457342
Nevern Place, Earl's Court	51.492973314885035	-0.1957419803303342
Palace Gardens Terrace, Notting Hill	51.50919001619761	-0.19438999714068927
Concert Hall Approach 1, South Bank	51.50483767272653	-0.1152161775744206
Tavistock Street, Covent Garden	51.51177082941133	-0.12104837772255214
Concert Hall Approach 2, South Bank	51.50483767272653	-0.1152161775744206
Pembridge Villas, Notting Hill	51.51375622668813	-0.19677376739663435
Wellington Street , Strand	51.489329312487314	0.06490055784421185
Risinghill Street, Angel	51.533270347974295	-0.11198001672177127
Bank of England Museum, Bank	51.51446000000004	-0.08757999999994581
Craven Street, Strand	51.507487722672984	-0.12487550202371374
London Zoo Car Park, The Regent's Park	51.536735749362435	-0.14918847028089213
Goswell Road (City Uni), Finsbury	51.53186045261644	-0.10567314717837877
Flood Street, Chelsea	51.48666220056885	-0.16572837757525752
Lower Marsh, Waterloo	51.50088324307885	-0.11267019767438902
Grosvenor Square, Mayfair	51.51085784136912	-0.1514801067135132
St. George Street, Mayfair	51.51327190244881	-0.14358313038637252
Queen's Gate, Kensington Gardens	51.4979405268669	-0.17963061771252387
Macclesfield Rd, St Lukes	51.52873079929507	-0.09671874460328633
Vauxhall Street, Vauxhall	51.48449849162877	-0.12019011534799122
Greycoat Street , Westminster	51.49480592575926	-0.13423312706436308
Northumberland Avenue, Strand	51.56538531297869	0.03831278983116574
Oval Way, Vauxhall	51.479510989284115	-0.11881366544186212
South Kensington Station, South Kensington	51.494178874085115	-0.17403257280859669
Howland Street, Fitzrovia	51.52153449693139	-0.13751495402007552
High Holborn , Covent Garden	51.51649491843066	-0.12396015410640186
Butler Place, Westminster	51.50030000000004	-0.12480999999996811
Howick Place, Westminster	51.50030000000004	-0.12480999999996811
Waterloo Station 2, Waterloo	51.50282000000004	-0.1110999999999649
Royal College Street, Camden Town	51.53956052995176	-0.136439065882979
Lord's, St. John's Wood	51.529049577859965	-0.17063361287501821
Alfred Place, Bloomsbury	51.52009136371645	-0.1327720647072731
City Road, Angel	51.524730000000034	-0.08753999999993312
Millennium Hotel, Mayfair	51.51018000000005	-0.15115999999994756
Harrowby Street, Marylebone	51.517429417636045	-0.16404721862985028
Harriet Street, Knightsbridge	51.50024620600177	-0.15930023394569112
Paddington Green, Paddington	51.52059000000003	-0.1757199999999557
King Edward Walk, Waterloo	51.49749627210836	-0.10994141059373935
Sardinia Street, Holborn	51.51508042277516	-0.11812463703579845
Prince Consort Road, Knightsbridge	51.49990274743815	-0.1765433951517505
Waterloo Station 1, Waterloo	51.50282000000004	-0.1110999999999649
Kensington Town Hall, Kensington	51.50212000000005	-0.19438999999994167
Millbank Tower, Pimlico	51.492479979755586	-0.1256800164122467
Waterloo Bridge, South Bank	51.506997624516515	-0.1154677335144428
Natural History Museum, South Kensington	51.496120000000076	-0.1763899999999694
Turquoise Island, Notting Hill	51.512440000000026	-0.20638999999994212
Stanhope Gate, Mayfair	51.50656649783646	-0.15184733415783688
Charlotte Street, Fitzrovia	51.51868376793466	-0.13499358459729502
Farm Street, Mayfair	51.50948951205227	-0.14830181439344195
Frith Street, Soho	51.514415043180065	-0.13204489840755684
Marloes Road, Kensington	51.49557957632207	-0.1922463221013249
Moor Street, Soho	51.513490404816345	-0.129976295805677
Fire Brigade Pier, Vauxhall	51.476230000000044	-0.13055999999994583
Southampton Street, Strand	51.511311585298856	-0.12246112704799722
Upper Grosvenor Street, Mayfair	51.51053222738605	-0.15341855429884346
Buxton Street 1, Shoreditch	51.52160001058206	-0.06949000063795552
Imperial College, Knightsbridge	51.50183604504043	-0.16645394866537083
Snow Hill, Farringdon	51.51726661965783	-0.10354383695637816
Aberdeen Place, St. John's Wood	51.52518887797273	-0.17574103069759936
Cadogan Gardens, Chelsea	51.493290594625975	-0.16048183171825992
Shouldham Street, Marylebone	51.51828334252768	-0.16394716261321501
Devonshire Terrace, Bayswater	51.51403173291055	-0.18030583428687663
Holland Park, Kensington	51.50151000000005	-0.20610999999996693
Brick Lane Market, Shoreditch	51.522350000000074	-0.07162999999997055
George Street, Marylebone	51.51688091206675	-0.15884030325490348
Columbia Road, Shoreditch	51.52496000000008	-0.08140999999994847
Penfold Street, Marylebone	51.5214722517416	-0.16959201278554673
George Place Mews, Marylebone	51.51688091206675	-0.15884030325490348
Palace Gate, Kensington Gardens	51.50065014152738	-0.18401120492661813
Gloucester Road Station, South Kensington	51.494620000000054	-0.18261999999992895
Paddington Green Police Station, Paddington	51.52028000000007	-0.17070999999992864
Strata, Elephant & Castle	51.49294999497613	-0.0994999800340679
Edgware Road Station, Marylebone	51.523840000000064	-0.15756999999996424
Walworth Road, Elephant & Castle	51.49328867269186	-0.10039238927673848
Cleaver Street, Kennington	51.48826330331714	-0.11025309304254158
Chelsea Bridge, Pimlico	51.4850802616425	-0.14988723443162244
Southwark Station 1, Southwark	51.50541000000004	-0.08918999999997368
Southwark Station 2, Southwark	51.50541000000004	-0.08918999999997368
Eaton Square (South), Belgravia	51.49421560133399	-0.15389620580071411
Ebury Bridge, Pimlico	51.49038880215406	-0.14890740660224944
Harrington Square 2, Camden Town	51.53325435423536	-0.1383584716792168
Vincent Street, Pimlico	51.515171515087154	0.015073942052590232
Cheapside, Bank	51.51367000000005	-0.09160999999994601
Exhibition Road, Knightsbridge	51.50150000861859	-0.17456790157211047
South Parade, Chelsea	51.48960886698187	-0.17375286658931752
Crinan Street, King's Cross	51.53424548438012	-0.12167219506985501
Exhibition Road Museums, South Kensington	51.49754000000007	-0.1745899999999665
Wren Street, Holborn	51.51651000000004	-0.11967999999995982
Kennington Station, Kennington	51.488230000000044	-0.1059699999999566
Red Lion Street, Holborn	51.51923263717756	-0.11704096323778508
Vauxhall Walk, Vauxhall	51.48449849162877	-0.12019011534799122
Killick Street, King's Cross	51.5328412197559	-0.11851840106211277
Kennington Oval, Oval	51.483310000000074	-0.1139499999999316
Sail Street, Vauxhall	51.487387451548905	-0.11673654674057693
Walmer Road, Avondale	51.51198113872162	-0.2121894519664592
Philpot Street, Whitechapel	51.51608530964979	-0.05898458600969342
Bethnal Green Garden, Bethnal Green	51.52730000000008	-0.0554899999999634
Cheshire Street, Bethnal Green	51.52373507814853	-0.06801297774463809
York Hall, Bethnal Green	51.52971997928327	-0.05504999312341852
Jubilee Crescent, Cubitt Town	51.4935198799971	-0.008144207331370515
Fisherman's Walk West, Canary Wharf	51.50600720653289	-0.022824549070002993
Shadwell Station, Shadwell	51.5112	-0.0569
Jubilee Street, Stepney	51.51452191937656	-0.053230806129419786
Hermitage Court, Wapping	51.5041218770663	-0.06314507584939359
St. Katharine's Way, Tower	51.506590000000074	-0.07409999999993033
Garnet Street, Shadwell	51.50951003726084	-0.05525493065606213
Napier Avenue, Millwall	51.48830314437318	-0.02085097526826876
East Ferry Road, Cubitt Town	51.498511646136414	-0.010874067515281905
Parkway, Camden Town	51.53745209370673	-0.14534563279709412
Castlehaven Road, Camden Town	51.5439732126437	-0.1441323279732673
Wapping Lane, Wapping	51.50940004573641	-0.056894933831358685
Gunmakers Lane, Old Ford	51.53570661896318	-0.034064999319723815
Burdett Road, Mile End	51.514174460170835	-0.028138582694824193
Aston Street, Stepney	51.51790061010379	-0.038388820323239835
Bonny Street, Camden Town	51.54175801396664	-0.13963011146266324
Thurtle road, Haggerston	51.533673911585886	-0.07164685923041922
St. Mary & St. Michael Church, Stepney	51.5971650470035	-0.2019799361946042
Pitfield Street North,Hoxton	51.53402012363526	-0.08292236256599442
Whiston Road, Haggerston	51.53501157585488	-0.07000756417790449
Southern Grove, Bow	51.52348120408944	-0.030663955443238012
Cantrell Road, Bow	51.521644842642004	-0.02685446986349756
Lindfield Street, Poplar	51.513778441456225	-0.02230462013800044
Mostyn Grove, Bow	51.530854642794	-0.025835638406255808
Hewison Street, Old Ford	51.53265006566352	-0.027382916530372482
Malmesbury Road, Bow	51.52950752257404	-0.027311992157531856
Millharbour, Millwall	51.49748079734026	-0.019043931204055668
Castalia Square, Cubitt Town	51.49811004125425	-0.010749916551063166
Lightermans Road, Millwall	51.49898999033445	-0.02000574877102718
Stebondale Street, Cubitt Town	51.48959323281923	-0.008866664220398607
Spindrift Avenue, Millwall	51.490155049362286	-0.022299927669720887
Stepney Green Station, Stepney	51.52196001332345	-0.04664998503710649
Pott Street, Bethnal Green	51.52690504283035	-0.0574349379434409
Flamborough Street, Limehouse	51.51363811001592	-0.03902389323254082
Saunders Ness Road, Cubitt Town	51.48874345789667	-0.005655513402511255
Thornfield House, Poplar	51.54118998513613	-0.09561002258936924
Albert Gardens, Stepney	51.51238989124298	-0.047273263952956536
Bromley High Street, Bow	51.5279435437122	-0.015481202747863418
Old Ford Road, Bethnal Green	51.53021518581876	-0.05262503736846331
Granby Street, Shoreditch	51.52496000000008	-0.08140999999994847
Canton Street, Poplar	51.51228349887198	-0.023271553143895483
Reardon Street, Wapping	51.506586672640374	-0.05985268713083557
Christian Street, Whitechapel	51.51295707234988	-0.06412546958858668
Pennington Street, Wapping	51.50870362684167	-0.06475651048864613
Queen Mary's, Mile End	51.596750507700115	0.02387769943223444
The Green Bridge, Mile End	51.62163952242804	-0.25271097314336094
South Quay East, Canary Wharf	51.50466000000006	-0.01703999999995176
Bow Church Station, Bow	51.5277900041676	-0.020889965827052492
Devons Road, Bow	51.522717158866975	-0.017520248322897645
Merchant Street, Bow	51.525884695409935	-0.02676873907161278
Bow Road Station, Bow	51.52690998815322	-0.024770032626008742
Furze Green, Bow	51.518149427555585	-0.021758565889918615
Ansell House, Stepney	51.51947236120404	-0.05421436548560232
Cephas Street, Bethnal Green	51.52669000000003	-0.06256999999993695
Cleveland Way, Stepney	51.521703410502035	-0.05275265595648062
St. John's Park, Cubitt Town	51.49717000000004	-0.009609999999952379
Ackroyd Drive, Bow	51.519497137847615	-0.028259295046544765
Bell Lane, Liverpool Street	51.51745841239395	-0.0826224650585819
Clarkson Street, Bethnal Green	51.52837940780237	-0.05884672629215314
Fournier Street, Whitechapel	51.519263995659564	-0.07311005929573189
Fore Street, Guildhall	51.51817771587772	-0.09154830656020405
Westferry DLR, Limehouse	51.50921000000005	-0.026529999999979736
Sutton Street, Shadwell	51.51224303652285	-0.053658554826729
Pritchard's Road, Bethnal Green	51.53234263381804	-0.0614147909192905
Watney Market, Stepney	51.513701356339524	-0.056764781731089405
Portman Square, Marylebone	51.515901652499814	-0.15464067763382078
Russell Gardens, Olympia	51.50012760891566	-0.2113026559442047
Chrisp Street Market, Poplar	51.51322000000005	-0.015319999999974243
Ford Road, Old Ford	51.53410397545485	-0.03417961487001188
Antill Road, Mile End	51.529336107011915	-0.034193655109028366
Teviot Street, Poplar	51.519438402319295	-0.011634460411245903
Bancroft Road, Bethnal Green	51.52669000000003	-0.06256999999993695
Driffield Road, Old Ford	51.53287924362236	-0.036623636981157254
Clinton Road, Mile End	51.52641103738404	-0.036649267478970286
Langdon Park, Poplar	51.515720000000044	-0.012679999999932079
Lancaster Gate , Bayswater	51.51144536862955	-0.17986242483595888
Lancaster Drive, Blackwall	51.546455102257795	-0.16882016452076587
Hansard Mews, Holland Park	51.50309109531807	-0.21556935543984657
Clarges Street, Mayfair	51.50746504147885	-0.14604489791487651
Manresa Road, Chelsea	51.48790271956912	-0.1717987141327241
Newby Place, Poplar	51.51004163053522	-0.012103674401259406
Twig Folly Bridge, Mile End	51.530593095508706	-0.0431630385475201
Jubilee Plaza, Canary Wharf	51.50311419158135	-0.018726780927323588
Wellington Row, Bethnal Green	51.528388146843895	-0.06835855377127821
Goldsmith's Row, Haggerston	51.53291000000007	-0.06537999999994781
Gloucester Avenue, Camden Town	51.537982897324866	-0.14875406818362152
Queensbridge Road, Haggerston	51.533471354297546	-0.06989343823294535
Old Montague Street, Whitechapel	51.518387881421624	-0.06662452005661852
Naval Row, Blackwall	51.51078000000007	-0.0041899999999372994
Hoxton Station, Hoxton	51.52969000000007	-0.08696999999995114
Albany Street, The Regent's Park	51.52991933815876	-0.14449631406440339
Green Park Station, Mayfair	51.50681000000003	-0.14268999999995913
Salmon Lane, Limehouse	51.514177740765966	-0.03450524984758954
Lansdowne Walk, Ladbroke Grove	51.51598734421993	-0.20894674633106278
Percival Street, Finsbury	51.525851387468016	-0.10375039274245779
Arlington Road, Camden Town	51.537292233235185	-0.1427955949392459
New Fetter Lane, Holborn	51.517275032663846	-0.10790098201756561
East India DLR, Blackwall	51.51078000000007	-0.0041899999999372994
Westminster Bridge Road, Elephant & Castle	51.49872836898878	-0.10513662452022231
Gaywood  Street, Elephant & Castle	51.496356450481876	-0.10261280879538684
Harford Street, Mile End	51.52059500645333	-0.0389941041935292
Watney Street, Shadwell	51.512045867880104	-0.05665435966217232
Regent's Row , Haggerston 	51.53849000000008	-0.07554999999996426
Aberfeldy Street, Poplar	51.514063638470134	-0.005858825214355908
Heron Quays DLR, Canary Wharf	51.503400000000056	-0.020589999999970132
King Edward Street, St Pauls	51.51619946787018	-0.09856374532005666
Page Street, Westminster	51.49393777877926	-0.12919323228934823
Abbotsbury Road, Holland Park	51.50151000000005	-0.20610999999996693
Ladbroke Grove Central, Ladbroke Grove	51.52701549701293	-0.21565260669795155
Rectory Square, Stepney	51.5187198765828	-0.044586810980827334
Bury Place, Holborn	51.517529270731806	-0.11723390751073735
Preston's Road, Cubitt Town	51.50839531795167	-0.008728907594810341
Somerset House, Strand	51.51176000000004	-0.11790999999993801
Selby Street, Whitechapel	51.521935723605736	-0.06320543203568615
Westfield Ariel Way, White City	51.5102778910456	-0.21999531755839902
Bishop's Bridge Road West, Bayswater	51.51949454544013	-0.17765259370976583
Pitfield Street Central, Hoxton	51.53402012363526	-0.08292236256599442
Upper Bank Street, Canary Wharf	51.50630324653923	-0.01663950058616837
Westfield Southern Terrace ,Shepherd's Bush	51.50658877597802	-0.22124324309333912
Greenland Road, Camden Town	51.539364708906795	-0.14082486208965928
Limerston Street, West Chelsea	51.48469746844461	-0.1798479580148213
Eagle Wharf Road, Hoxton	51.535185501846314	-0.0894504715411874
Alpha Grove, Millwall	51.49820016340961	-0.022916459366810058
Globe Town Market, Bethnal Green	51.529060051091506	-0.04584993237902779
Hollybush Gardens, Bethnal Green	51.527795033309516	-0.05709488413161523
Queen Street 2, Bank	51.60726000164041	-0.07552002560137794
Doddington Grove, Kennington	51.48517557696199	-0.10451107074191893
New Cavendish Street, Marylebone	51.51968101755529	-0.1452681016140003
Abingdon Green, Westminster	51.49787669298478	-0.12571902689074133
Ilchester Gardens, Bayswater	51.51257466019975	-0.19110810795815097
Mudchute DLR, Cubitt Town	51.49369000000007	-0.007669999999961874
Monument Street, Monument	51.51015000000007	-0.08593999999993684
Hoxton Street, Hoxton	51.527255029197434	-0.08013992108411117
Drayton Gardens, West Chelsea	51.488804596036054	-0.18133866045387184
Greenberry Street, St.John's Wood	51.532061535834835	-0.16804570632223254
Westfield Library Corner, Shepherd's Bush	51.50912503549323	-0.21964492286539894
Bishop's Bridge Road East, Bayswater	51.51949454544013	-0.17765259370976583
Northdown Street, King's Cross	51.53234171113826	-0.11956565805079616
Kingsway Southbound, Strand	51.6124900577648	-0.17683451652699533
Hammersmith Road, Hammersmith	51.49384637873815	-0.21515092395204863
Parson's Green , Parson's Green	51.47339000000005	-0.19911999999993668
Fulham Park Road, Fulham	51.47242072246092	-0.2074682287583348
Southerton Road, Hammersmith	51.49583643419991	-0.22848006703463578
Manbre Road, Hammersmith	51.48640937774081	-0.22412930831170186
South Lambeth Road, Vauxhall	51.480197835509415	-0.12430546698808786
BBC White City, White City	51.513441452539226	-0.2344657143347184
Union Grove, Wandsworth Road	51.47175683822633	-0.13292745808293885
Caldwell Street, Stockwell	51.47695565995904	-0.11478642607014436
St Martins Close, Camden Town	51.53853486988427	-0.1387397682562958
Seymour Place, Marylebone	51.51968980736612	-0.1632912456768449
Addison Road, Holland Park	51.50135959079733	-0.2084430666159295
Putney Bridge Station, Fulham	51.46718004321083	-0.2126599476731741
Colet Gardens, Hammersmith	51.49242122923098	-0.21660650174022886
Sugden Road, Clapham	51.46095000000008	-0.13921999999996615
Danvers Street, West Chelsea	51.48314508397592	-0.17270613126423007
Princedale Road , Holland Park	51.50828628265852	-0.20985766951601495
Wandsworth Rd, Isley Court, Wandsworth Road	51.47500073472105	-0.13182803877626262
Woodstock Grove, Shepherd's Bush	51.50326816812884	-0.21671450561490208
Bradmead, Battersea Park	51.477958887708425	-0.1437890218556256
Finlay Street, Fulham	51.47568595504275	-0.2180783857923574
Aintree Street, Fulham	51.48063258823114	-0.21080410619501702
Elysium Place, Fulham	51.47136670326882	-0.20718039250504117
Eel Brook Common, Walham Green	51.47560000000004	-0.19403999999997268
Irene Road, Parsons Green	51.47417598723108	-0.20032901838868822
Surrey Lane, Battersea	51.475885047798926	-0.16968991149667545
Wandsworth Town Station, Wandsworth	51.46147000000008	-0.18724999999994907
Lansdowne Road, Ladbroke Grove	51.51598734421993	-0.20894674633106278
Nantes Close, Wandsworth	51.46182623134968	-0.18133846257221733
Courland Grove, Wandsworth Road	51.472326622417526	-0.13138726996893763
Queen's Circus, Battersea Park	51.476570037881174	-0.14904494869944074
Normand Park, West Kensington	51.4862418289385	-0.20770652676668563
Holden Street, Battersea	51.46889346466366	-0.15695412857200805
William Morris Way, Sands End	51.46888085669908	-0.18435602111243277
Morie Street, Wandsworth	51.459949251129714	-0.19014647507355978
Clarence Walk, Stockwell	51.47001000000006	-0.11248999999997977
Battersea Park Road, Nine Elms	51.47783464326027	-0.14544634551040297
Sheepcote Lane, Battersea	51.47037802633502	-0.16088541499371412
Vereker Road, West Kensington	51.48834614759262	-0.20860639038910767
Brook Green South, Brook Green	51.49620224997504	-0.2191129500854935
Greyhound Road, Hammersmith	51.48571143337823	-0.21578472255744247
South Park, Sands End	51.571859997497796	-0.14413001022492722
Spencer Park, Wandsworth Common	51.455674321372975	-0.1761098088345075
Falcon Road, Clapham Junction	51.46409001269569	-0.16392999336306957
Coomer Place, West Kensington	51.49906000000004	-0.19873999999992975
Silverthorne Road, Battersea	51.47010690604801	-0.14609056958425143
Archbishop's Park, Waterloo	51.495850000000075	-0.11731999999994969
Fawcett Close, Battersea	51.46964645930052	-0.1738891600165184
All Saints' Road, Portobello	51.50003502913752	-0.27026994166442364
Rainville Road, Hammersmith	51.48329272461155	-0.2236533493948551
Great Suffolk Street, The Borough	51.50283717794765	-0.10134360687353636
Buckingham Gate, Westminster	51.50010000000003	-0.128029999999967
Richmond Way, Shepherd's Bush	51.503438993005425	-0.21742007606336797
Peterborough Road, Sands End	51.4682106743011	-0.19522548144112892
World's End Place, West Chelsea	51.4821241076451	-0.1798390563036446
St. Mark's Road, North Kensington	51.49711120941472	-0.18975512338049608
Thorndike Close, West Chelsea	51.48048659346294	-0.18418657931472773
Evesham Street, Avondale	51.5111300286423	-0.21817993382838097
Simpson Street, Clapham Junction	51.46409001269569	-0.16392999336306957
Ashmole Estate, Oval	51.482228804825276	-0.11633161665397512
Crabtree Lane, Fulham	51.4821839369983	-0.2214150305411171
Broomhouse Lane, Parsons Green	51.46796104790807	-0.1988446425551834
Blythe Road West, Shepherd's Bush	51.50646000000006	-0.2358099999999581
Ethelburga Estate, Battersea Park	51.47714503643901	-0.1684349310437483
Grant Road West, Clapham Junction	51.46409001269569	-0.16392999336306957
West Kensington Station, West Kensington	51.502870019293795	-0.1900500153145117
All Saints Church, Portobello	51.510530000000074	-0.011659999999949378
Phene Street, Chelsea	51.485021595229576	-0.16769008496808485
Clarendon Road, Avondale	51.584889267044204	-0.09527044341662907
Austin Road, Battersea Park	51.473905032721305	-0.1553248801060647
Olympia Way, Olympia	51.49649000000005	-0.21082999999993035
Shepherd's Bush Road North, Shepherd's Bush	51.50320207531417	-0.22311989228387574
Ravenscourt Park Station, Hammersmith	51.49399999598694	-0.23608996543850935
Teversham Lane, Stockwell	51.471772604252465	-0.1119142885065179
Ashley Crescent, Battersea	51.46727813505139	-0.15099201067350426
Parsons Green Station, Parsons Green	51.47567000000004	-0.20071999999993295
Grant Road Central, Clapham Junction	51.46409001269569	-0.16392999336306957
Hibbert Street, Battersea	51.46484004634658	-0.1803549193685683
Carnegie Street, King's Cross	51.53538752930633	-0.11470690981815969
Usk Road, Clapham Junction	51.46409001269569	-0.16392999336306957
Hartington Road, Stockwell	51.46514304975403	-0.1077015350843006
Heath Road, Battersea	51.46760000000006	-0.16289999999997917
Esmond Street, Putney	51.46210490264939	-0.21062052200142636
Orbel Street, Battersea	51.47417421951952	-0.17160255752780462
Westbridge Road, Battersea	51.47612478866089	-0.1717218554102521
Bishop's Avenue, Fulham	51.4727376006427	-0.21520348389133048
Crisp Road, Hammersmith	51.488563787645965	-0.2271317975259392
Dorothy Road, Clapham Junction	51.46409001269569	-0.16392999336306957
Neville Gill Close, Wandsworth	51.45436711473849	-0.19495286282231694
Osiers Road, Wandsworth	51.461747358402235	-0.19716355327594362
Beryl Road, Hammersmith	51.488716612406755	-0.22068673121065277
Maclise Road, Olympia	51.497557730719436	-0.21174140480331619
Northfields, Wandsworth	51.461194907326174	-0.20057274147493853
Spanish Road, Clapham Junction	51.46409001269569	-0.16392999336306957
Stanley Grove, Battersea	51.469187356222136	-0.15153405264346428
Erin Close, Walham Green	51.47946598990736	-0.1957218576591837
Cadogan Close, Victoria Park	51.45385597113408	-0.06863179342224084
Felsham Road, Putney	51.46619786182992	-0.22063436811554699
Putney Rail Station, Putney	51.461250000000064	-0.2168699999999717
Islington Green, Angel	51.53646544532906	-0.10275037910670763
Charing Cross Hospital, Hammersmith	51.48747000000003	-0.2210799999999722
Charlotte Terrace, Angel	51.53605739519609	-0.11267247092357525
Shoreditch Court, Haggerston	51.53942504969399	-0.07100993305026293
Belford House, Haggerston	51.53706479651365	-0.07028651139339202
Battersea Church Road, Battersea	51.477785614132365	-0.17329326494672764
Vicarage Crescent, Battersea	51.473573918916145	-0.17704749549723708
Durant Street, Bethnal Green	51.529133268790055	-0.06613485148761294
St. Bride Street, Holborn	51.51551363393278	-0.10598828921083887
Mexfield Road, East Putney	51.45813530893248	-0.2029448598081927
Snowsfields, London Bridge	51.50238834936907	-0.08300322814996212
Barons Court Station, West Kensington	51.48971208597767	-0.20971676749378756
Disraeli Road, Putney	51.46129388856332	-0.2146147064877335
Montserrat Road , Putney	51.463165027770756	-0.2155349404623479
Albert Bridge Road, Battersea Park	51.47785845537832	-0.16474738815945933
Everington Street, Fulham	51.48379842557306	-0.21635816077643424
Mile End Stadium, Mile End	51.519411	-0.031
Hawley Crescent, Camden Town	51.541055600225356	-0.14321475946267695
Stewart's Road, Wandsworth Road	51.47663797411234	-0.14226801696566826
Aylward Street, Stepney	51.51574204683369	-0.048690546110090806
Stainsby Road , Poplar	51.51500784256733	-0.023860689445146844
Dunston Road , Haggerston	51.46844720678032	-0.15261837786631244
Ada Street, Hackney Central	51.535799164369834	-0.06096334897003565
Victoria Park Road, Hackney Central	51.54329093009901	-0.035455610436105164
Star Road, West Kensington	51.4871938228254	-0.20581769380331785
Wendon Street, Old Ford	51.53628504208116	-0.02638489009177647
Finnis Street, Bethnal Green	51.52529395174065	-0.05872972091945175
Stephendale Road, Sands End	51.47118000000006	-0.18703999999996768
Alma Road, Wandsworth	51.459320792556795	-0.18610639982150365
Thessaly Road North, Wandsworth Road	51.473675033298164	-0.13349991297977226
Alfreda Street, Battersea Park	51.47514759511936	-0.15084748509387605
Chesilton Road, Fulham	51.475855061540315	-0.20579990474777787
Putney Bridge Road, East Putney	51.46212618948288	-0.20703909657254058
St. Peter's Terrace, Fulham	51.4788885917066	-0.20850929104675328
Bridge Avenue, Hammersmith	51.49139972382707	-0.22895906103168123
Michael Road, Walham Green	51.56614006104235	0.011890064930497601
Duke Street Hill, London Bridge	51.5059741282275	-0.08721252185598416
Park Lane, Mayfair	51.5128650406901	-0.15810490593224813
Plough Terrace, Clapham Junction	51.46409001269569	-0.16392999336306957
Grant Road East, Clapham Junction	51.46409001269569	-0.16392999336306957
Queensdale Road, Shepherd's Bush	51.50646000000006	-0.2358099999999581
Fulham Broadway, Walham Green	51.48016833447161	-0.1964039264323193
Imperial Road, Sands End	51.47483274563982	-0.1862704299284568
Hortensia Road, West Brompton	51.48179531333655	-0.18523974049189565
Sirdar Road, Avondale	51.59391593754523	-0.09584144052226473
Freston Road, Avondale	51.51018341007616	-0.21702332901547133
Blenheim Crescent, Ladbroke Grove	51.51598734421993	-0.20894674633106278
Oxford Road, Putney	51.4616290170939	-0.21210055491814195
Ingrave Street, Clapham Junction	51.46409001269569	-0.16392999336306957
Upcerne Road, West Chelsea	51.47871051948074	-0.18281379577439671
Lots Road, West Chelsea	51.47783812984301	-0.18264690448393234
Ormonde Gate, Chelsea	51.487492725287716	-0.16105107504993355
Hertford Road, De Beauvoir Town	51.593250214570936	-0.1638479393600076
Haggerston Road, Haggerston	51.53576002766223	-0.0719637263386094
Culvert Road, Battersea	51.47282831465493	-0.16033638515832216
Newton Street, Covent Garden	51.511625042889094	-0.12248491874079548
Manfred Road, East Putney	51.45819879304843	-0.20549395194163125
Hammersmith Town Hall, Hammersmith	51.49252000334323	-0.23401997063029967
Grenfell Road, Avondale	51.513094231526544	-0.21506504813994642
The Vale, Chelsea	51.485152994924384	-0.175073808466432
Prince of Wales Drive, Battersea Park	51.474855058581966	-0.16649493955378603
Harcourt Terrace, West Brompton	51.48755053285265	-0.18670484857392317
Westbourne Park Road, Portobello	51.51842070595914	-0.1941367887914816
Broadley Terrace, Marylebone	51.52420660570483	-0.16623532338110295
Rossmore Road, Marylebone	51.525130040453995	-0.16421318773783403
Humbolt Road, Fulham	51.48419612975042	-0.21244094189298016
Storey's Gate, Westminster	51.50046137565931	-0.1296142260941342
Mile End Park Leisure Centre, Mile End	51.51890000000003	-0.030689999999935935
St. John's Road, Clapham Junction	51.46344000000005	-0.16880999999995083
Ranelagh Gardens, Fulham	51.46762374035783	-0.2077751125169011
Ram Street, Wandsworth	51.45812540483191	-0.19209203766454555
Santos Road, Wandsworth	51.458280116495736	-0.20102884477616456
Clapham Common North Side, Clapham Common	51.4613016434601	-0.15552884567835004
Sandilands Road, Walham Green	51.47368325322747	-0.19146310508027925
Gwendwr Road, West Kensington	51.491079673077614	-0.2094917455722484
Rifle Place, Avondale	51.50927252153166	-0.21643339921771376
Binfield Road, Stockwell	51.47001000000006	-0.11248999999997977
Tallis Street, Temple	51.511867829432795	-0.10710994190333815
Hurlingham Park, Parsons Green	51.47417598723108	-0.20032901838868822
Little Brook Green, Brook Green	51.49620224997504	-0.2191129500854935
Abyssinia Close, Clapham Junction	51.460175400658166	-0.1672636349930316
Limburg Road, Clapham Junction	51.46409001269569	-0.16392999336306957
Houndsditch, Aldgate	51.51644376168709	-0.0806171485714714
Imperial Wharf Station, Sands End	51.47358002442567	-0.1832699357454146
Victoria & Albert Museum, South Kensington	51.49651000000006	-0.17205999999993082
Halford Road, West Kensington	51.49906000000004	-0.19873999999992975
Monier Road, Hackney Wick	51.54560819752571	-0.033779698333416694
East Village, Queen Elizabeth Olympic Park	51.54410000000007	-0.015249999999980446
Aquatic Centre, Queen Elizabeth Olympic Park	51.54410000000007	-0.015249999999980446
Lee Valley VeloPark, Queen Elizabeth Olympic Park	51.54410000000007	-0.015249999999980446
Timber Lodge, Queen Elizabeth Olympic Park	51.54410000000007	-0.015249999999980446
Copper Box Arena, Queen Elizabeth Olympic Park	51.54410000000007	-0.015249999999980446
Podium, Queen Elizabeth Olympic Park	51.54410000000007	-0.015249999999980446
Stratford Station, Stratford	51.54070999545078	-0.0017199665315956736
Blackfriars Road, Southwark	51.5036096875837	-0.10457550341874339
Cromer Street, Bloomsbury	51.51796330997723	-0.12772315114094315
Lansdowne Way Bus Garage, Stockwell	51.4742000128488	-0.12430999433823331
Melton Street, Euston	51.52707872767688	-0.13438094130856967
Coram Street, Bloomsbury	51.51796330997723	-0.12772315114094315
Ossulston Street, Somers Town	51.53105555289906	-0.1299751560440538
Birkenhead Street, King's Cross	51.5296361420835	-0.1216316404377952
Kings Gate House, Westminster	51.496040046446055	-0.12599492451455774
Sopwith Way, Battersea Park	51.481256950737716	-0.1479002054419594
Lavington Street, Bankside	51.505115064569786	-0.09962664500636707
Albert Square, Stockwell	51.47001000000006	-0.11248999999997977
Southwark Street, Bankside	51.5048359050398	-0.09482736802582262
Good's Way, King's Cross	51.53630999919787	-0.12241995899120184
Bevington Road, North Kensington	51.49906000000004	-0.19873999999992975
Handyside Street, King's Cross	51.537435589878044	-0.12506320115597336
Bevington Road West, North Kensington	51.49906000000004	-0.19873999999992975
Stockwell Roundabout, Stockwell	51.46554247770149	-0.11602195211439319
Lincoln's Inn Fields, Holborn	51.51522471468287	-0.11763810471842885
Tate Modern, Bankside	51.508290000000045	-0.09785999999996875
Westferry Circus, Canary Wharf	51.50589473938442	-0.026434621288354918
Here East North, Queen Elizabeth Olympic Park	51.54410000000007	-0.015249999999980446
New Spring Gardens Walk, Vauxhall	51.487822498647	-0.12263794225559212
Clapham Road, Lingham Street, Stockwell	51.469294245813344	-0.12248062496548963
Lambeth Palace Road, Waterloo	51.49721840126164	-0.11962976925333928
Here East South, Queen Elizabeth Olympic Park	51.54410000000007	-0.015249999999980446
Riverlight South, Nine Elms	51.48194974870827	-0.13683345930441565
One Tower Bridge, Bermondsey	51.503100018716935	-0.0772099849196195
Belvedere Road 2, South Bank	51.502366385448255	-0.11782311562934557
Victory Place, Walworth	51.492690030249165	-0.09228990883207189
Battersea Power Station, Battersea Park	51.4656329766685	-0.16299293976311097
Allington street, Westminster	51.493000055892864	0.04085008522535816
Cranmer Road, Stockwell	51.47949578506428	-0.10973667665100474
Normandy Road, Stockwell	51.47366403730729	-0.11159460585625475
Wynne Road, Stockwell	51.46919270962916	-0.11323492429526548
Sidney Road, Stockwell	51.46979388917541	-0.11808227961531466
St John's Crescent, Brixton	51.4661600324668	-0.11190013654732274
Ferndale Road, Brixton. 	51.57961274685613	-0.07029392518728969
Saltoun Road, Brixton	51.46069326322979	-0.11275845236496242
